call_price_clean,T,K,v,S0,v0,kappa,theta,xi,cor,r,q,call_price_market,call_bid,call_ask,call_mid
30.05111642211776,0.08333333333333333,70.0,0.03996883101066909,100,0.04,2.0,0.04,0.3,-0.7,0.02,0.01,30.05111642211776,29.600349675785996,30.501883168449524,30.051116422117758
25.027321127338148,0.08333333333333333,75.0,0.04001056052857015,100,0.04,2.0,0.04,0.3,-0.7,0.02,0.01,25.027321127338148,24.651911310428076,25.40273094424822,25.027321127338148
20.024977832957592,0.08333333333333333,80.0,0.04005753071132914,100,0.04,2.0,0.04,0.3,-0.7,0.02,0.01,20.024977832957592,19.72460316546323,20.325352500451956,20.024977832957592
19.06272602656061,0.08333333333333333,81.0,0.040018189600665714,100,0.04,2.0,0.04,0.3,-0.7,0.02,0.01,19.06272602656061,18.7767851361622,19.34866691695902,19.06272602656061
18.06848665000068,0.08333333333333333,82.0,0.03998149945358655,100,0.04,2.0,0.04,0.3,-0.7,0.02,0.01,18.06848665000068,17.79745935025067,18.33951394975069,18.06848665000068
16.055370319227677,0.08333333333333333,84.0,0.039924206237461346,100,0.04,2.0,0.04,0.3,-0.7,0.02,0.01,16.055370319227677,15.814539764439262,16.29620087401609,16.055370319227677
14.036416183843512,0.08333333333333333,86.0,0.04001974648789116,100,0.04,2.0,0.04,0.3,-0.7,0.02,0.01,14.036416183843512,13.825869941085859,14.246962426601163,14.03641618384351
12.108592441626817,0.08333333333333333,88.0,0.03992888520876073,100,0.04,2.0,0.04,0.3,-0.7,0.02,0.01,12.108592441626817,11.926963555002414,12.290221328251217,12.108592441626815
11.166632382913026,0.08333333333333333,89.0,0.039837481786332535,100,0.04,2.0,0.04,0.3,-0.7,0.02,0.01,11.166632382913026,10.99913289716933,11.33413186865672,11.166632382913026
10.22240349499173,0.08333333333333333,90.0,0.039968586281266115,100,0.04,2.0,0.04,0.3,-0.7,0.02,0.01,10.22240349499173,10.069067442566853,10.375739547416604,10.222403494991728
8.301403577050973,0.08333333333333333,92.0,0.04005613394496517,100,0.04,2.0,0.04,0.3,-0.7,0.02,0.01,8.301403577050973,8.176882523395209,8.425924630706737,8.301403577050973
6.5545226527464475,0.08333333333333333,94.0,0.0400425146619552,100,0.04,2.0,0.04,0.3,-0.7,0.02,0.01,6.5545226527464475,6.45620481295525,6.652840492537644,6.5545226527464475
5.731380005734864,0.08333333333333333,95.0,0.039972021723498834,100,0.04,2.0,0.04,0.3,-0.7,0.02,0.01,5.731380005734864,5.64540930564884,5.817350705820886,5.731380005734863
4.946331189952946,0.08333333333333333,96.0,0.03988417125232934,100,0.04,2.0,0.04,0.3,-0.7,0.02,0.01,4.946331189952946,4.872136222103651,5.020526157802239,4.946331189952945
3.5165855185397663,0.08333333333333333,98.0,0.04009916295629776,100,0.04,2.0,0.04,0.3,-0.7,0.02,0.01,3.5165855185397663,3.46383673576167,3.5693343013178627,3.5165855185397663
2.332631634077771,0.08333333333333333,100.0,0.040065969527786044,100,0.04,2.0,0.04,0.3,-0.7,0.02,0.01,2.332631634077771,2.297642159566604,2.367621108588937,2.332631634077771
1.4297481093246112,0.08333333333333333,102.0,0.03993282451190834,100,0.04,2.0,0.04,0.3,-0.7,0.02,0.01,1.4297481093246112,1.408301887684742,1.4511943309644801,1.4297481093246112
0.7797096742653344,0.08333333333333333,104.0,0.040183074488266184,100,0.04,2.0,0.04,0.3,-0.7,0.02,0.01,0.7797096742653344,0.7680140291513544,0.7914053193793144,0.7797096742653344
0.3975664157583999,0.08333333333333333,106.0,0.03983106819978071,100,0.04,2.0,0.04,0.3,-0.7,0.02,0.01,0.3975664157583999,0.3916029195220239,0.4035299119947759,0.3975664157583999
0.16484717046755112,0.08333333333333333,108.0,0.04011540407667983,100,0.04,2.0,0.04,0.3,-0.7,0.02,0.01,0.16484717046755112,0.16237446291053786,0.16731987802456438,0.16484717046755112
0.0657007394865619,0.08333333333333333,110.00000000000001,0.03992874499807333,100,0.04,2.0,0.04,0.3,-0.7,0.02,0.01,0.0657007394865619,0.06471522839426347,0.06668625057886032,0.0657007394865619
0.01864101996092574,0.08333333333333333,112.00000000000001,0.04013107873225952,100,0.04,2.0,0.04,0.3,-0.7,0.02,0.01,0.01864101996092574,0.018361404661511854,0.018920635260339623,0.018641019960925737
0.005181833472764863,0.08333333333333333,113.99999999999999,0.04000116548604402,100,0.04,2.0,0.04,0.3,-0.7,0.02,0.01,0.005181833472764863,0.00510410597067339,0.005259560974856335,0.005181833472764862
0.001304343670985345,0.08333333333333333,115.99999999999999,0.03997677165447318,100,0.04,2.0,0.04,0.3,-0.7,0.02,0.01,0.001304343670985345,0.0012847785159205648,0.0013239088260501252,0.0013043436709853449
0.00011548285509520831,0.08333333333333333,118.0,0.0399894799832739,100,0.04,2.0,0.04,0.3,-0.7,0.02,0.01,0.00011548285509520831,0.00011375061226878018,0.00011721509792163642,0.0001154828550952083
0.0001400194187457122,0.08333333333333333,120.0,0.03997128727690015,100,0.04,2.0,0.04,0.3,-0.7,0.02,0.01,0.0001400194187457122,0.0001379191274645265,0.00014211971002689786,0.00014001941874571217
1.3012052894278276e-05,0.08333333333333333,122.0,0.04005080309056969,100,0.04,2.0,0.04,0.3,-0.7,0.02,0.01,1.3012052894278276e-05,1.2816872100864102e-05,1.3207233687692448e-05,1.3012052894278276e-05
0.0,0.08333333333333333,124.0,0.040070319106647545,100,0.04,2.0,0.04,0.3,-0.7,0.02,0.01,0.0,0.0,0.0,0.0
0.0,0.08333333333333333,126.0,0.04001719603045855,100,0.04,2.0,0.04,0.3,-0.7,0.02,0.01,0.0,0.0,0.0,0.0
0.0,0.08333333333333333,128.0,0.03996972680594752,100,0.04,2.0,0.04,0.3,-0.7,0.02,0.01,0.0,0.0,0.0,0.0
0.0,0.08333333333333333,130.0,0.04001673650454409,100,0.04,2.0,0.04,0.3,-0.7,0.02,0.01,0.0,0.0,0.0,0.0
30.114055595596323,0.16666666666666666,70.0,0.03988080015712746,100,0.04,2.0,0.04,0.3,-0.7,0.02,0.01,30.114055595596323,29.66234476166238,30.565766429530264,30.11405559559632
25.07176576228828,0.16666666666666666,75.0,0.04006800309705007,100,0.04,2.0,0.04,0.3,-0.7,0.02,0.01,25.07176576228828,24.695689275853955,25.4478422487226,25.07176576228828
20.067361899713426,0.16666666666666666,80.0,0.04009700815867955,100,0.04,2.0,0.04,0.3,-0.7,0.02,0.01,20.067361899713426,19.766351471217725,20.368372328209126,20.067361899713426
19.096510045696558,0.16666666666666666,81.0,0.03997855397488698,100,0.04,2.0,0.04,0.3,-0.7,0.02,0.01,19.096510045696558,18.81006239501111,19.382957696382004,19.096510045696554
18.1372661016803,0.16666666666666666,82.0,0.04015176468319708,100,0.04,2.0,0.04,0.3,-0.7,0.02,0.01,18.1372661016803,17.865207110155094,18.409325093205503,18.137266101680297
16.205507787183198,0.16666666666666666,84.0,0.040040033606706105,100,0.04,2.0,0.04,0.3,-0.7,0.02,0.01,16.205507787183198,15.96242517037545,16.448590403990945,16.205507787183198
14.24739845612247,0.16666666666666666,86.0,0.04008711745009327,100,0.04,2.0,0.04,0.3,-0.7,0.02,0.01,14.24739845612247,14.033687479280633,14.461109432964305,14.247398456122468
12.432283742618429,0.16666666666666666,88.0,0.03998745886328441,100,0.04,2.0,0.04,0.3,-0.7,0.02,0.01,12.432283742618429,12.245799486479152,12.618767998757704,12.432283742618427
11.473535207878697,0.16666666666666666,89.0,0.03995881121398972,100,0.04,2.0,0.04,0.3,-0.7,0.02,0.01,11.473535207878697,11.301432179760516,11.645638235996877,11.473535207878697
10.622048026978957,0.16666666666666666,90.0,0.040048240000922795,100,0.04,2.0,0.04,0.3,-0.7,0.02,0.01,10.622048026978957,10.462717306574273,10.781378747383641,10.622048026978957
8.8981292075145,0.16666666666666666,92.0,0.04005335168277463,100,0.04,2.0,0.04,0.3,-0.7,0.02,0.01,8.8981292075145,8.764657269401782,9.031601145627217,8.8981292075145
7.243212607403066,0.16666666666666666,94.0,0.040097359824459666,100,0.04,2.0,0.04,0.3,-0.7,0.02,0.01,7.243212607403066,7.13456441829202,7.351860796514112,7.243212607403066
6.502003594535038,0.16666666666666666,95.0,0.04002407147845884,100,0.04,2.0,0.04,0.3,-0.7,0.02,0.01,6.502003594535038,6.404473540617013,6.599533648453063,6.502003594535038
5.79457546431374,0.16666666666666666,96.0,0.03992381433918824,100,0.04,2.0,0.04,0.3,-0.7,0.02,0.01,5.79457546431374,5.707656832349034,5.881494096278446,5.7945754643137395
4.432628054345853,0.16666666666666666,98.0,0.0398771439407478,100,0.04,2.0,0.04,0.3,-0.7,0.02,0.01,4.432628054345853,4.366138633530666,4.49911747516104,4.432628054345853
3.297292188095417,0.16666666666666666,100.0,0.039967423075502835,100,0.04,2.0,0.04,0.3,-0.7,0.02,0.01,3.297292188095417,3.247832805273986,3.3467515709168483,3.297292188095417
2.313928896650557,0.16666666666666666,102.0,0.040108873525185905,100,0.04,2.0,0.04,0.3,-0.7,0.02,0.01,2.313928896650557,2.2792199632007986,2.3486378301003152,2.313928896650557
1.5582035782032562,0.16666666666666666,104.0,0.03995187399783526,100,0.04,2.0,0.04,0.3,-0.7,0.02,0.01,1.5582035782032562,1.5348305245302074,1.581576631876305,1.5582035782032562
1.004004389412804,0.16666666666666666,106.0,0.03995973273535757,100,0.04,2.0,0.04,0.3,-0.7,0.02,0.01,1.004004389412804,0.9889443235716118,1.0190644552539958,1.004004389412804
0.5950718226824276,0.16666666666666666,108.0,0.039908069615232196,100,0.04,2.0,0.04,0.3,-0.7,0.02,0.01,0.5950718226824276,0.5861457453421912,0.603997900022664,0.5950718226824276
0.32386260546672374,0.16666666666666666,110.00000000000001,0.04000976403052955,100,0.04,2.0,0.04,0.3,-0.7,0.02,0.01,0.32386260546672374,0.31900466638472286,0.32872054454872457,0.32386260546672374
0.17041395077271768,0.16666666666666666,112.00000000000001,0.03994081322590569,100,0.04,2.0,0.04,0.3,-0.7,0.02,0.01,0.17041395077271768,0.1678577415111269,0.17297016003430843,0.17041395077271765
0.08142019970502043,0.16666666666666666,113.99999999999999,0.04008437095904091,100,0.04,2.0,0.04,0.3,-0.7,0.02,0.01,0.08142019970502043,0.08019889670944512,0.08264150270059573,0.08142019970502043
0.0353988550570299,0.16666666666666666,115.99999999999999,0.039858023673951276,100,0.04,2.0,0.04,0.3,-0.7,0.02,0.01,0.0353988550570299,0.034867872231174456,0.03592983788288535,0.0353988550570299
0.01528615285717473,0.16666666666666666,118.0,0.040075560805002526,100,0.04,2.0,0.04,0.3,-0.7,0.02,0.01,0.01528615285717473,0.015056860564317109,0.015515445150032349,0.015286152857174728
0.007142412477716808,0.16666666666666666,120.0,0.03991972510504641,100,0.04,2.0,0.04,0.3,-0.7,0.02,0.01,0.007142412477716808,0.0070352762905510555,0.007249548664882559,0.007142412477716808
0.0013221093798193972,0.16666666666666666,122.0,0.03993454820906793,100,0.04,2.0,0.04,0.3,-0.7,0.02,0.01,0.0013221093798193972,0.0013022777391221063,0.001341941020516688,0.0013221093798193972
0.000364006982980919,0.16666666666666666,124.0,0.03993133601555993,100,0.04,2.0,0.04,0.3,-0.7,0.02,0.01,0.000364006982980919,0.0003585468782362052,0.00036946708772563275,0.00036400698298091894
0.0002079840762641173,0.16666666666666666,126.0,0.040138069390894336,100,0.04,2.0,0.04,0.3,-0.7,0.02,0.01,0.0002079840762641173,0.00020486431512015552,0.00021110383740807902,0.0002079840762641173
8.817649955356802e-05,0.16666666666666666,128.0,0.03997556700674354,100,0.04,2.0,0.04,0.3,-0.7,0.02,0.01,8.817649955356802e-05,8.68538520602645e-05,8.949914704687152e-05,8.8176499553568e-05
3.550234196004919e-05,0.16666666666666666,130.0,0.04003902445680667,100,0.04,2.0,0.04,0.3,-0.7,0.02,0.01,3.550234196004919e-05,3.496980683064845e-05,3.6034877089449925e-05,3.5502341960049185e-05
30.067718800861684,0.25,70.0,0.03991629690295977,100,0.04,2.0,0.04,0.3,-0.7,0.02,0.01,30.067718800861684,29.616703018848757,30.518734582874607,30.067718800861684
25.23675442995772,0.25,75.0,0.04000231741203857,100,0.04,2.0,0.04,0.3,-0.7,0.02,0.01,25.23675442995772,24.858203113508353,25.615305746407085,25.23675442995772
20.22792160519338,0.25,80.0,0.04020109838007852,100,0.04,2.0,0.04,0.3,-0.7,0.02,0.01,20.22792160519338,19.92450278111548,20.53134042927128,20.22792160519338
19.304557824195843,0.25,81.0,0.040043675793246546,100,0.04,2.0,0.04,0.3,-0.7,0.02,0.01,19.304557824195843,19.014989456832904,19.59412619155878,19.30455782419584
18.384401109105973,0.25,82.0,0.03999157733306051,100,0.04,2.0,0.04,0.3,-0.7,0.02,0.01,18.384401109105973,18.108635092469385,18.66016712574256,18.384401109105973
16.459575636627545,0.25,84.0,0.04005210064221547,100,0.04,2.0,0.04,0.3,-0.7,0.02,0.01,16.459575636627545,16.212682002078132,16.706469271176957,16.459575636627545
14.578175260701876,0.25,86.0,0.040091626602552326,100,0.04,2.0,0.04,0.3,-0.7,0.02,0.01,14.578175260701876,14.359502631791347,14.796847889612403,14.578175260701876
12.873941931407467,0.25,88.0,0.03980363711969517,100,0.04,2.0,0.04,0.3,-0.7,0.02,0.01,12.873941931407467,12.680832802436354,13.067051060378578,12.873941931407465
11.994307415507658,0.25,89.0,0.040048475163894925,100,0.04,2.0,0.04,0.3,-0.7,0.02,0.01,11.994307415507658,11.814392804275043,12.17422202674027,11.994307415507656
11.144623130165694,0.25,90.0,0.039883624521054435,100,0.04,2.0,0.04,0.3,-0.7,0.02,0.01,11.144623130165694,10.977453783213209,11.311792477118178,11.144623130165694
9.559832718599031,0.25,92.0,0.03965539485791905,100,0.04,2.0,0.04,0.3,-0.7,0.02,0.01,9.559832718599031,9.416435227820045,9.703230209378015,9.55983271859903
7.840020772200547,0.25,94.0,0.0401582926250861,100,0.04,2.0,0.04,0.3,-0.7,0.02,0.01,7.840020772200547,7.722420460617538,7.957621083783555,7.840020772200546
7.166846422803063,0.25,95.0,0.04010310336722338,100,0.04,2.0,0.04,0.3,-0.7,0.02,0.01,7.166846422803063,7.059343726461017,7.274349119145109,7.166846422803063
6.44370798472239,0.25,96.0,0.04005254149107367,100,0.04,2.0,0.04,0.3,-0.7,0.02,0.01,6.44370798472239,6.347052364951554,6.5403636044932245,6.443707984722389
5.169975647446907,0.25,98.0,0.03992150783535339,100,0.04,2.0,0.04,0.3,-0.7,0.02,0.01,5.169975647446907,5.092426012735203,5.24752528215861,5.169975647446906
4.055528979780555,0.25,100.0,0.0399228069408886,100,0.04,2.0,0.04,0.3,-0.7,0.02,0.01,4.055528979780555,3.9946960450838467,4.116361914477263,4.055528979780555
3.033438309075877,0.25,102.0,0.040077763102216335,100,0.04,2.0,0.04,0.3,-0.7,0.02,0.01,3.033438309075877,2.987936734439739,3.078939883712015,3.033438309075877
2.209777398677791,0.25,104.0,0.04001773919515915,100,0.04,2.0,0.04,0.3,-0.7,0.02,0.01,2.209777398677791,2.176630737697624,2.2429240596579576,2.209777398677791
1.5668303820430596,0.25,106.0,0.03983037261788998,100,0.04,2.0,0.04,0.3,-0.7,0.02,0.01,1.5668303820430596,1.5433279263124136,1.5903328377737054,1.5668303820430594
1.0394966282726674,0.25,108.0,0.04008616483859202,100,0.04,2.0,0.04,0.3,-0.7,0.02,0.01,1.0394966282726674,1.0239041788485774,1.0550890776967574,1.0394966282726674
0.6679933778564183,0.25,110.00000000000001,0.03993158744848796,100,0.04,2.0,0.04,0.3,-0.7,0.02,0.01,0.6679933778564183,0.657973477188572,0.6780132785242645,0.6679933778564182
0.4104647352741957,0.25,112.00000000000001,0.040067906216299236,100,0.04,2.0,0.04,0.3,-0.7,0.02,0.01,0.4104647352741957,0.40430776424508275,0.4166217063033086,0.4104647352741957
0.24680120328264835,0.25,113.99999999999999,0.03998842465755125,100,0.04,2.0,0.04,0.3,-0.7,0.02,0.01,0.24680120328264835,0.24309918523340862,0.25050322133188807,0.24680120328264835
0.12537298450991824,0.25,115.99999999999999,0.039895695603730706,100,0.04,2.0,0.04,0.3,-0.7,0.02,0.01,0.12537298450991824,0.12349238974226946,0.127253579277567,0.12537298450991824
0.06417183156621714,0.25,118.0,0.03994427600189648,100,0.04,2.0,0.04,0.3,-0.7,0.02,0.01,0.06417183156621714,0.06320925409272388,0.06513440903971039,0.06417183156621714
0.035196232037883,0.25,120.0,0.039962476090850206,100,0.04,2.0,0.04,0.3,-0.7,0.02,0.01,0.035196232037883,0.034668288557314755,0.035724175518451244,0.035196232037882996
0.019446786322708187,0.25,122.0,0.039832547214529876,100,0.04,2.0,0.04,0.3,-0.7,0.02,0.01,0.019446786322708187,0.019155084527867565,0.01973848811754881,0.019446786322708187
0.008293934000858868,0.25,124.0,0.03999900471458766,100,0.04,2.0,0.04,0.3,-0.7,0.02,0.01,0.008293934000858868,0.008169524990845984,0.00841834301087175,0.008293934000858868
0.0024453039274934356,0.25,126.0,0.03997548301233542,100,0.04,2.0,0.04,0.3,-0.7,0.02,0.01,0.0024453039274934356,0.002408624368581034,0.0024819834864058367,0.0024453039274934356
0.0009018075848874049,0.25,128.0,0.04006615012672436,100,0.04,2.0,0.04,0.3,-0.7,0.02,0.01,0.0009018075848874049,0.0008882804711140938,0.0009153346986607159,0.0009018075848874049
0.0004931821831600246,0.25,130.0,0.040030030285613714,100,0.04,2.0,0.04,0.3,-0.7,0.02,0.01,0.0004931821831600246,0.0004857844504126242,0.0005005799159074249,0.0004931821831600246
30.16902170404405,0.3333333333333333,70.0,0.039949714489970096,100,0.04,2.0,0.04,0.3,-0.7,0.02,0.01,30.16902170404405,29.71648637848339,30.621557029604705,30.16902170404405
25.300124714690316,0.3333333333333333,75.0,0.040069039647405234,100,0.04,2.0,0.04,0.3,-0.7,0.02,0.01,25.300124714690316,24.920622843969962,25.67962658541067,25.300124714690316
20.462561636661395,0.3333333333333333,80.0,0.039928318887162875,100,0.04,2.0,0.04,0.3,-0.7,0.02,0.01,20.462561636661395,20.155623212111472,20.769500061211314,20.46256163666139
19.475866184829805,0.3333333333333333,81.0,0.03995800759935968,100,0.04,2.0,0.04,0.3,-0.7,0.02,0.01,19.475866184829805,19.18372819205736,19.76800417760225,19.475866184829805
18.634980557684894,0.3333333333333333,82.0,0.039754347047102435,100,0.04,2.0,0.04,0.3,-0.7,0.02,0.01,18.634980557684894,18.355455849319622,18.914505266050167,18.634980557684894
16.69561934165563,0.3333333333333333,84.0,0.040011177025925,100,0.04,2.0,0.04,0.3,-0.7,0.02,0.01,16.69561934165563,16.445185051530792,16.94605363178046,16.69561934165563
14.896894838080668,0.3333333333333333,86.0,0.04013603676779015,100,0.04,2.0,0.04,0.3,-0.7,0.02,0.01,14.896894838080668,14.673441415509457,15.120348260651877,14.896894838080666
13.186965979202572,0.3333333333333333,88.0,0.04006959717593333,100,0.04,2.0,0.04,0.3,-0.7,0.02,0.01,13.186965979202572,12.989161489514533,13.38477046889061,13.186965979202572
12.308263507928661,0.3333333333333333,89.0,0.040215443840142355,100,0.04,2.0,0.04,0.3,-0.7,0.02,0.01,12.308263507928661,12.123639555309731,12.492887460547589,12.308263507928661
11.502368243313624,0.3333333333333333,90.0,0.04011025574328517,100,0.04,2.0,0.04,0.3,-0.7,0.02,0.01,11.502368243313624,11.32983271966392,11.674903766963327,11.502368243313622
9.937671855060993,0.3333333333333333,92.0,0.04008437808326626,100,0.04,2.0,0.04,0.3,-0.7,0.02,0.01,9.937671855060993,9.788606777235078,10.086736932886906,9.93767185506099
8.422736934251782,0.3333333333333333,94.0,0.040055667769996556,100,0.04,2.0,0.04,0.3,-0.7,0.02,0.01,8.422736934251782,8.296395880238006,8.549077988265559,8.422736934251782
7.679224991900338,0.3333333333333333,95.0,0.040026043838773305,100,0.04,2.0,0.04,0.3,-0.7,0.02,0.01,7.679224991900338,7.564036617021833,7.7944133667788424,7.6792249919003375
7.027876795111539,0.3333333333333333,96.0,0.04005261637483176,100,0.04,2.0,0.04,0.3,-0.7,0.02,0.01,7.027876795111539,6.922458643184866,7.133294947038212,7.027876795111538
5.791119047597883,0.3333333333333333,98.0,0.04005701715194106,100,0.04,2.0,0.04,0.3,-0.7,0.02,0.01,5.791119047597883,5.704252261883915,5.87798583331185,5.791119047597883
4.619140498862843,0.3333333333333333,100.0,0.04006468998200477,100,0.04,2.0,0.04,0.3,-0.7,0.02,0.01,4.619140498862843,4.549853391379901,4.688427606345785,4.619140498862842
3.665127898789705,0.3333333333333333,102.0,0.04001904883241671,100,0.04,2.0,0.04,0.3,-0.7,0.02,0.01,3.665127898789705,3.6101509803078593,3.72010481727155,3.665127898789705
2.818313841365335,0.3333333333333333,104.0,0.03989428178560909,100,0.04,2.0,0.04,0.3,-0.7,0.02,0.01,2.818313841365335,2.776039133744855,2.860588548985815,2.818313841365335
2.040918470345898,0.3333333333333333,106.0,0.04018772530232804,100,0.04,2.0,0.04,0.3,-0.7,0.02,0.01,2.040918470345898,2.0103046932907094,2.071532247401086,2.040918470345898
1.486054608443356,0.3333333333333333,108.0,0.039980165008396816,100,0.04,2.0,0.04,0.3,-0.7,0.02,0.01,1.486054608443356,1.4637637893167055,1.5083454275700061,1.486054608443356
1.0448609412588117,0.3333333333333333,110.00000000000001,0.04006684534617201,100,0.04,2.0,0.04,0.3,-0.7,0.02,0.01,1.0448609412588117,1.0291880271399294,1.0605338553776937,1.0448609412588117
0.6958377324986922,0.3333333333333333,112.00000000000001,0.04006411776547001,100,0.04,2.0,0.04,0.3,-0.7,0.02,0.01,0.6958377324986922,0.6854001665112118,0.7062752984861725,0.6958377324986922
0.4372430047992458,0.3333333333333333,113.99999999999999,0.04002421422202511,100,0.04,2.0,0.04,0.3,-0.7,0.02,0.01,0.4372430047992458,0.43068435972725716,0.4438016498712345,0.4372430047992458
0.27992304763835024,0.3333333333333333,115.99999999999999,0.03994519379145501,100,0.04,2.0,0.04,0.3,-0.7,0.02,0.01,0.27992304763835024,0.275724201923775,0.2841218933529255,0.27992304763835024
0.17156710309211978,0.3333333333333333,118.0,0.04001984683522822,100,0.04,2.0,0.04,0.3,-0.7,0.02,0.01,0.17156710309211978,0.16899359654573798,0.17414060963850156,0.17156710309211975
0.09852835841544265,0.3333333333333333,120.0,0.03997915027616371,100,0.04,2.0,0.04,0.3,-0.7,0.02,0.01,0.09852835841544265,0.09705043303921101,0.10000628379167428,0.09852835841544265
0.05685559533357585,0.3333333333333333,122.0,0.04011008092306356,100,0.04,2.0,0.04,0.3,-0.7,0.02,0.01,0.05685559533357585,0.05600276140357221,0.05770842926357948,0.05685559533357584
0.027334507941506533,0.3333333333333333,124.0,0.04006850233076064,100,0.04,2.0,0.04,0.3,-0.7,0.02,0.01,0.027334507941506533,0.026924490322383934,0.02774452556062913,0.027334507941506533
0.016934983655516683,0.3333333333333333,126.0,0.03999914337793073,100,0.04,2.0,0.04,0.3,-0.7,0.02,0.01,0.016934983655516683,0.016680958900683933,0.01718900841034943,0.016934983655516683
0.007787434428933756,0.3333333333333333,128.0,0.039778218831248484,100,0.04,2.0,0.04,0.3,-0.7,0.02,0.01,0.007787434428933756,0.00767062291249975,0.007904245945367762,0.007787434428933756
0.0037555679204793815,0.3333333333333333,130.0,0.040020831692192345,100,0.04,2.0,0.04,0.3,-0.7,0.02,0.01,0.0037555679204793815,0.0036992344016721908,0.003811901439286572,0.0037555679204793815
30.31534198062581,0.5,70.0,0.040155659450523774,100,0.04,2.0,0.04,0.3,-0.7,0.02,0.01,30.31534198062581,29.860611850916424,30.770072110335192,30.31534198062581
25.56931940189556,0.5,75.0,0.03990864093533717,100,0.04,2.0,0.04,0.3,-0.7,0.02,0.01,25.56931940189556,25.185779610867126,25.952859192923988,25.569319401895555
20.807966310263737,0.5,80.0,0.03998919753866895,100,0.04,2.0,0.04,0.3,-0.7,0.02,0.01,20.807966310263737,20.49584681560978,21.12008580491769,20.807966310263737
20.00721670402312,0.5,81.0,0.039847512494956876,100,0.04,2.0,0.04,0.3,-0.7,0.02,0.01,20.00721670402312,19.707108453462773,20.307324954583464,20.00721670402312
19.02416913790633,0.5,82.0,0.04004529877112081,100,0.04,2.0,0.04,0.3,-0.7,0.02,0.01,19.02416913790633,18.738806600837734,19.309531674974924,19.024169137906327
17.31890055335001,0.5,84.0,0.04027215088274604,100,0.04,2.0,0.04,0.3,-0.7,0.02,0.01,17.31890055335001,17.05911704504976,17.578684061650257,17.31890055335001
15.639827391930528,0.5,86.0,0.04012458273488737,100,0.04,2.0,0.04,0.3,-0.7,0.02,0.01,15.639827391930528,15.40522998105157,15.874424802809484,15.639827391930528
13.894886072933982,0.5,88.0,0.040278572500435,100,0.04,2.0,0.04,0.3,-0.7,0.02,0.01,13.894886072933982,13.686462781839973,14.103309364027991,13.894886072933982
13.249347748669285,0.5,89.0,0.039910155766088556,100,0.04,2.0,0.04,0.3,-0.7,0.02,0.01,13.249347748669285,13.050607532439246,13.448087964899322,13.249347748669283
12.383851600495323,0.5,90.0,0.0400012833472938,100,0.04,2.0,0.04,0.3,-0.7,0.02,0.01,12.383851600495323,12.198093826487893,12.569609374502752,12.383851600495323
10.765746929901635,0.5,92.0,0.040280265766435265,100,0.04,2.0,0.04,0.3,-0.7,0.02,0.01,10.765746929901635,10.604260725953111,10.927233133850159,10.765746929901635
9.391311324528656,0.5,94.0,0.04005518725917196,100,0.04,2.0,0.04,0.3,-0.7,0.02,0.01,9.391311324528656,9.250441654660726,9.532180994396585,9.391311324528655
8.67769306257808,0.5,95.0,0.03996630119949572,100,0.04,2.0,0.04,0.3,-0.7,0.02,0.01,8.67769306257808,8.547527666639407,8.80785845851675,8.67769306257808
8.071675251015655,0.5,96.0,0.03995488623446431,100,0.04,2.0,0.04,0.3,-0.7,0.02,0.01,8.071675251015655,7.95060012225042,8.19275037978089,8.071675251015655
6.745997508120147,0.5,98.0,0.04033698400500373,100,0.04,2.0,0.04,0.3,-0.7,0.02,0.01,6.745997508120147,6.644807545498344,6.8471874707419484,6.745997508120146
5.736865467231453,0.5,100.0,0.03997180797655478,100,0.04,2.0,0.04,0.3,-0.7,0.02,0.01,5.736865467231453,5.650812485222982,5.822918449239925,5.736865467231453
4.63503157402714,0.5,102.0,0.04018075796996979,100,0.04,2.0,0.04,0.3,-0.7,0.02,0.01,4.63503157402714,4.565506100416733,4.704557047637547,4.63503157402714
3.7022457365297403,0.5,104.0,0.04024587757163118,100,0.04,2.0,0.04,0.3,-0.7,0.02,0.01,3.7022457365297403,3.6467120504817943,3.757779422577686,3.70224573652974
2.9908265425604736,0.5,106.0,0.03997602562229009,100,0.04,2.0,0.04,0.3,-0.7,0.02,0.01,2.9908265425604736,2.9459641444220663,3.0356889406988805,2.990826542560473
2.2996339648392836,0.5,108.0,0.040021357499810076,100,0.04,2.0,0.04,0.3,-0.7,0.02,0.01,2.2996339648392836,2.265139455366694,2.3341284743118726,2.299633964839283
1.7369303104291611,0.5,110.00000000000001,0.04020102099423912,100,0.04,2.0,0.04,0.3,-0.7,0.02,0.01,1.7369303104291611,1.7108763557727238,1.7629842650855985,1.7369303104291611
1.3199528694914353,0.5,112.00000000000001,0.040145114438665405,100,0.04,2.0,0.04,0.3,-0.7,0.02,0.01,1.3199528694914353,1.3001535764490637,1.3397521625338067,1.319952869491435
0.9646671005053025,0.5,113.99999999999999,0.04001298586660892,100,0.04,2.0,0.04,0.3,-0.7,0.02,0.01,0.9646671005053025,0.9501970939977229,0.9791371070128819,0.9646671005053025
0.6833429693830328,0.5,115.99999999999999,0.04009267036022917,100,0.04,2.0,0.04,0.3,-0.7,0.02,0.01,0.6833429693830328,0.6730928248422874,0.6935931139237783,0.6833429693830328
0.47953619555112714,0.5,118.0,0.039774539465018896,100,0.04,2.0,0.04,0.3,-0.7,0.02,0.01,0.47953619555112714,0.47234315261786025,0.486729238484394,0.47953619555112714
0.32016548428367997,0.5,120.0,0.039969750569750544,100,0.04,2.0,0.04,0.3,-0.7,0.02,0.01,0.32016548428367997,0.31536300201942474,0.32496796654793514,0.32016548428367997
0.20860648304699927,0.5,122.0,0.040010430108821736,100,0.04,2.0,0.04,0.3,-0.7,0.02,0.01,0.20860648304699927,0.2054773858012943,0.21173558029270426,0.20860648304699927
0.129864199568984,0.5,124.0,0.039851869144382476,100,0.04,2.0,0.04,0.3,-0.7,0.02,0.01,0.129864199568984,0.12791623657544926,0.13181216256251876,0.129864199568984
0.08964698581135445,0.5,126.0,0.03991900627199518,100,0.04,2.0,0.04,0.3,-0.7,0.02,0.01,0.08964698581135445,0.08830228102418414,0.09099169059852476,0.08964698581135444
0.05547711652139507,0.5,128.0,0.0401382677753564,100,0.04,2.0,0.04,0.3,-0.7,0.02,0.01,0.05547711652139507,0.05464495977357415,0.056309273269216,0.05547711652139507
0.03469960235456511,0.5,130.0,0.040039415034566365,100,0.04,2.0,0.04,0.3,-0.7,0.02,0.01,0.03469960235456511,0.034179108319246636,0.03522009638988358,0.03469960235456511
30.47949819892579,0.75,70.0,0.040285704573292044,100,0.04,2.0,0.04,0.3,-0.7,0.02,0.01,30.47949819892579,30.0223057259419,30.936690671909673,30.47949819892579
25.9886069339591,0.75,75.0,0.04002975139122134,100,0.04,2.0,0.04,0.3,-0.7,0.02,0.01,25.9886069339591,25.598777829949714,26.378436037968484,25.988606933959097
21.506628186367262,0.75,80.0,0.03997040674588214,100,0.04,2.0,0.04,0.3,-0.7,0.02,0.01,21.506628186367262,21.184028763571753,21.829227609162768,21.50662818636726
20.71323551473799,0.75,81.0,0.04012957911654493,100,0.04,2.0,0.04,0.3,-0.7,0.02,0.01,20.71323551473799,20.40253698201692,21.023934047459058,20.71323551473799
19.822615189964555,0.75,82.0,0.03999566433964097,100,0.04,2.0,0.04,0.3,-0.7,0.02,0.01,19.822615189964555,19.525275962115085,20.11995441781402,19.82261518996455
18.09883364070784,0.75,84.0,0.04007711469153292,100,0.04,2.0,0.04,0.3,-0.7,0.02,0.01,18.09883364070784,17.827351136097224,18.37031614531846,18.09883364070784
16.52713860233927,0.75,86.0,0.03981479974920071,100,0.04,2.0,0.04,0.3,-0.7,0.02,0.01,16.52713860233927,16.27923152330418,16.77504568137436,16.52713860233927
14.945427497384543,0.75,88.0,0.039941902465985196,100,0.04,2.0,0.04,0.3,-0.7,0.02,0.01,14.945427497384543,14.721246084923775,15.16960890984531,14.945427497384543
14.169702684561473,0.75,89.0,0.040085963278788474,100,0.04,2.0,0.04,0.3,-0.7,0.02,0.01,14.169702684561473,13.95715714429305,14.382248224829894,14.169702684561472
13.359847543875423,0.75,90.0,0.04006359997841119,100,0.04,2.0,0.04,0.3,-0.7,0.02,0.01,13.359847543875423,13.159449830717291,13.560245257033554,13.359847543875421
11.908082603311978,0.75,92.0,0.04020439515496308,100,0.04,2.0,0.04,0.3,-0.7,0.02,0.01,11.908082603311978,11.7294613642623,12.086703842361658,11.908082603311978
10.517975085431921,0.75,94.0,0.039810615616699095,100,0.04,2.0,0.04,0.3,-0.7,0.02,0.01,10.517975085431921,10.360205459150443,10.6757447117134,10.517975085431921
9.911195079689122,0.75,95.0,0.03993574423910973,100,0.04,2.0,0.04,0.3,-0.7,0.02,0.01,9.911195079689122,9.762527153493785,10.059863005884457,9.911195079689122
9.243418219644248,0.75,96.0,0.04004447143890641,100,0.04,2.0,0.04,0.3,-0.7,0.02,0.01,9.243418219644248,9.104766946349583,9.38206949293891,9.243418219644248
8.097179977033008,0.75,98.0,0.039917124085342294,100,0.04,2.0,0.04,0.3,-0.7,0.02,0.01,8.097179977033008,7.975722277377513,8.218637676688502,8.097179977033008
6.928213870360581,0.75,100.0,0.04038594398980021,100,0.04,2.0,0.04,0.3,-0.7,0.02,0.01,6.928213870360581,6.824290662305173,7.03213707841599,6.928213870360581
5.931658882325361,0.75,102.0,0.03985316888687877,100,0.04,2.0,0.04,0.3,-0.7,0.02,0.01,5.931658882325361,5.842683999090481,6.020633765560241,5.931658882325361
5.031784006168181,0.75,104.0,0.04006939056458849,100,0.04,2.0,0.04,0.3,-0.7,0.02,0.01,5.031784006168181,4.956307246075658,5.107260766260703,5.031784006168181
4.189365057353585,0.75,106.0,0.04004985491428122,100,0.04,2.0,0.04,0.3,-0.7,0.02,0.01,4.189365057353585,4.126524581493282,4.252205533213889,4.189365057353585
3.4916312732674872,0.75,108.0,0.04011334914098526,100,0.04,2.0,0.04,0.3,-0.7,0.02,0.01,3.4916312732674872,3.439256804168475,3.5440057423664992,3.491631273267487
2.8219687478178495,0.75,110.00000000000001,0.040062297475248226,100,0.04,2.0,0.04,0.3,-0.7,0.02,0.01,2.8219687478178495,2.779639216600582,2.864298279035117,2.8219687478178495
2.2363322655102147,0.75,112.00000000000001,0.03999790144518448,100,0.04,2.0,0.04,0.3,-0.7,0.02,0.01,2.2363322655102147,2.2027872815275615,2.269877249492868,2.2363322655102147
1.7767126171414436,0.75,113.99999999999999,0.03994734231977421,100,0.04,2.0,0.04,0.3,-0.7,0.02,0.01,1.7767126171414436,1.750061927884322,1.803363306398565,1.7767126171414436
1.3923795506508843,0.75,115.99999999999999,0.040150728329530476,100,0.04,2.0,0.04,0.3,-0.7,0.02,0.01,1.3923795506508843,1.371493857391121,1.4132652439106475,1.3923795506508843
1.06899597096771,0.75,118.0,0.04000286266423052,100,0.04,2.0,0.04,0.3,-0.7,0.02,0.01,1.06899597096771,1.0529610314031943,1.0850309105322256,1.06899597096771
0.8148333493849906,0.75,120.0,0.039819148471837075,100,0.04,2.0,0.04,0.3,-0.7,0.02,0.01,0.8148333493849906,0.8026108491442158,0.8270558496257654,0.8148333493849906
0.6054470669741395,0.75,122.0,0.04000483376781348,100,0.04,2.0,0.04,0.3,-0.7,0.02,0.01,0.6054470669741395,0.5963653609695274,0.6145287729787515,0.6054470669741394
0.46678947187627085,0.75,124.0,0.03999653855619155,100,0.04,2.0,0.04,0.3,-0.7,0.02,0.01,0.46678947187627085,0.45978762979812676,0.47379131395441487,0.46678947187627085
0.3143073455047656,0.75,126.0,0.039969500634418516,100,0.04,2.0,0.04,0.3,-0.7,0.02,0.01,0.3143073455047656,0.3095927353221941,0.31902195568733704,0.3143073455047656
0.23491511812124122,0.75,128.0,0.039946283349721105,100,0.04,2.0,0.04,0.3,-0.7,0.02,0.01,0.23491511812124122,0.2313913913494226,0.2384388448930598,0.23491511812124122
0.1644210245481452,0.75,130.0,0.03999236886712904,100,0.04,2.0,0.04,0.3,-0.7,0.02,0.01,0.1644210245481452,0.16195470917992302,0.16688733991636737,0.1644210245481452
30.95031163831031,1.0,70.0,0.040149252678604946,100,0.04,2.0,0.04,0.3,-0.7,0.02,0.01,30.95031163831031,30.486056963735656,31.41456631288496,30.95031163831031
26.42090066652667,1.0,75.0,0.03984409761683489,100,0.04,2.0,0.04,0.3,-0.7,0.02,0.01,26.42090066652667,26.02458715652877,26.81721417652457,26.42090066652667
22.06390222877657,1.0,80.0,0.03995120040404051,100,0.04,2.0,0.04,0.3,-0.7,0.02,0.01,22.06390222877657,21.73294369534492,22.394860762208218,22.06390222877657
21.140165447177928,1.0,81.0,0.040270742117701985,100,0.04,2.0,0.04,0.3,-0.7,0.02,0.01,21.140165447177928,20.82306296547026,21.457267928885596,21.140165447177928
20.38749255498329,1.0,82.0,0.04004611728822679,100,0.04,2.0,0.04,0.3,-0.7,0.02,0.01,20.38749255498329,20.08168016665854,20.693304943308036,20.38749255498329
18.84678311333391,1.0,84.0,0.04003555985495767,100,0.04,2.0,0.04,0.3,-0.7,0.02,0.01,18.84678311333391,18.5640813666339,19.129484860033916,18.846783113333906
17.19472777746289,1.0,86.0,0.040038975482876805,100,0.04,2.0,0.04,0.3,-0.7,0.02,0.01,17.19472777746289,16.936806860800946,17.452648694124832,17.194727777462887
15.838606897974657,1.0,88.0,0.039942047468966506,100,0.04,2.0,0.04,0.3,-0.7,0.02,0.01,15.838606897974657,15.601027794505036,16.076186001444274,15.838606897974655
15.047433292504552,1.0,89.0,0.03990073069411685,100,0.04,2.0,0.04,0.3,-0.7,0.02,0.01,15.047433292504552,14.821721793116984,15.273144791892118,15.04743329250455
14.201017749654234,1.0,90.0,0.04012721158316217,100,0.04,2.0,0.04,0.3,-0.7,0.02,0.01,14.201017749654234,13.98800248340942,14.414033015899046,14.201017749654234
12.999949890230408,1.0,92.0,0.039942463007556474,100,0.04,2.0,0.04,0.3,-0.7,0.02,0.01,12.999949890230408,12.804950641876951,13.194949138583862,12.999949890230408
11.699824724342506,1.0,94.0,0.03994162535301644,100,0.04,2.0,0.04,0.3,-0.7,0.02,0.01,11.699824724342506,11.524327353477368,11.875322095207641,11.699824724342506
10.79739573367372,1.0,95.0,0.040168708058082876,100,0.04,2.0,0.04,0.3,-0.7,0.02,0.01,10.79739573367372,10.635434797668616,10.959356669678826,10.79739573367372
10.310957400742502,1.0,96.0,0.040139267090197474,100,0.04,2.0,0.04,0.3,-0.7,0.02,0.01,10.310957400742502,10.156293039731365,10.465621761753638,10.310957400742502
9.194300625155723,1.0,98.0,0.03992566983378338,100,0.04,2.0,0.04,0.3,-0.7,0.02,0.01,9.194300625155723,9.056386115778388,9.332215134533058,9.194300625155723
8.061167212909135,1.0,100.0,0.04003640040467822,100,0.04,2.0,0.04,0.3,-0.7,0.02,0.01,8.061167212909135,7.940249704715498,8.182084721102772,8.061167212909135
7.050908921098624,1.0,102.0,0.039887822338746,100,0.04,2.0,0.04,0.3,-0.7,0.02,0.01,7.050908921098624,6.945145287282144,7.156672554915103,7.050908921098623
6.121683326216725,1.0,104.0,0.039855609028122116,100,0.04,2.0,0.04,0.3,-0.7,0.02,0.01,6.121683326216725,6.029858076323474,6.213508576109975,6.121683326216724
5.28417325885547,1.0,106.0,0.040164973611213524,100,0.04,2.0,0.04,0.3,-0.7,0.02,0.01,5.28417325885547,5.204910659972638,5.363435857738302,5.2841732588554695
4.443768108228099,1.0,108.0,0.039980152833318565,100,0.04,2.0,0.04,0.3,-0.7,0.02,0.01,4.443768108228099,4.377111586604677,4.51042462985152,4.443768108228099
3.8155450240903463,1.0,110.00000000000001,0.040206421229831826,100,0.04,2.0,0.04,0.3,-0.7,0.02,0.01,3.8155450240903463,3.758311848728991,3.872778199451701,3.815545024090346
3.1599589582317487,1.0,112.00000000000001,0.03987574234609432,100,0.04,2.0,0.04,0.3,-0.7,0.02,0.01,3.1599589582317487,3.1125595738582725,3.207358342605225,3.1599589582317487
2.539316140201825,1.0,113.99999999999999,0.040094627843780296,100,0.04,2.0,0.04,0.3,-0.7,0.02,0.01,2.539316140201825,2.501226398098798,2.5774058823048525,2.539316140201825
2.153052438225456,1.0,115.99999999999999,0.040000999492433464,100,0.04,2.0,0.04,0.3,-0.7,0.02,0.01,2.153052438225456,2.120756651652074,2.1853482247988376,2.1530524382254557
1.7269043335330605,1.0,118.0,0.03999185290407955,100,0.04,2.0,0.04,0.3,-0.7,0.02,0.01,1.7269043335330605,1.7010007685300645,1.7528078985360562,1.7269043335330605
1.415970086783065,1.0,120.0,0.04002217028735676,100,0.04,2.0,0.04,0.3,-0.7,0.02,0.01,1.415970086783065,1.3947305354813189,1.4372096380848107,1.415970086783065
1.1335305213783724,1.0,122.0,0.04016125271387491,100,0.04,2.0,0.04,0.3,-0.7,0.02,0.01,1.1335305213783724,1.1165275635576968,1.1505334791990478,1.1335305213783724
0.8580728439225217,1.0,124.0,0.040075116034425,100,0.04,2.0,0.04,0.3,-0.7,0.02,0.01,0.8580728439225217,0.8452017512636839,0.8709439365813595,0.8580728439225217
0.6864794417801292,1.0,126.0,0.04010629627309825,100,0.04,2.0,0.04,0.3,-0.7,0.02,0.01,0.6864794417801292,0.6761822501534273,0.696776633406831,0.6864794417801292
0.5420980375266382,1.0,128.0,0.04030709006579791,100,0.04,2.0,0.04,0.3,-0.7,0.02,0.01,0.5420980375266382,0.5339665669637387,0.5502295080895377,0.5420980375266382
0.3968492316584312,1.0,130.0,0.04012153040769878,100,0.04,2.0,0.04,0.3,-0.7,0.02,0.01,0.3968492316584312,0.39089649318355474,0.40280197013330765,0.3968492316584312
31.506757666604553,1.5,70.0,0.04009833279520042,100,0.04,2.0,0.04,0.3,-0.7,0.02,0.01,31.506757666604553,31.034156301605485,31.979359031603618,31.50675766660455
27.3583871544729,1.5,75.0,0.03992235077422713,100,0.04,2.0,0.04,0.3,-0.7,0.02,0.01,27.3583871544729,26.948011347155806,27.768762961789992,27.3583871544729
23.260032594630204,1.5,80.0,0.039880773262207694,100,0.04,2.0,0.04,0.3,-0.7,0.02,0.01,23.260032594630204,22.91113210571075,23.608933083549655,23.260032594630204
22.347355379113758,1.5,81.0,0.040064909319664596,100,0.04,2.0,0.04,0.3,-0.7,0.02,0.01,22.347355379113758,22.01214504842705,22.68256570980046,22.347355379113758
21.748779714524236,1.5,82.0,0.03982352831256259,100,0.04,2.0,0.04,0.3,-0.7,0.02,0.01,21.748779714524236,21.42254801880637,22.075011410242098,21.748779714524233
20.124125610848736,1.5,84.0,0.040088336733840185,100,0.04,2.0,0.04,0.3,-0.7,0.02,0.01,20.124125610848736,19.822263726686003,20.425987495011466,20.124125610848736
18.803485440369823,1.5,86.0,0.03987962593270902,100,0.04,2.0,0.04,0.3,-0.7,0.02,0.01,18.803485440369823,18.521433158764275,19.085537721975367,18.80348544036982
17.132900970464572,1.5,88.0,0.039826165639204984,100,0.04,2.0,0.04,0.3,-0.7,0.02,0.01,17.132900970464572,16.875907455907605,17.38989448502154,17.132900970464572
16.654651285242256,1.5,89.0,0.03992026456130918,100,0.04,2.0,0.04,0.3,-0.7,0.02,0.01,16.654651285242256,16.40483151596362,16.904471054520886,16.654651285242252
15.80805187370371,1.5,90.0,0.03994960788295829,100,0.04,2.0,0.04,0.3,-0.7,0.02,0.01,15.80805187370371,15.570931095598153,16.045172651809263,15.808051873703707
14.613944070867296,1.5,92.0,0.040040298923862995,100,0.04,2.0,0.04,0.3,-0.7,0.02,0.01,14.613944070867296,14.394734909804287,14.833153231930304,14.613944070867294
13.292649200545819,1.5,94.0,0.040177249565865256,100,0.04,2.0,0.04,0.3,-0.7,0.02,0.01,13.292649200545819,13.093259462537631,13.492038938554005,13.292649200545817
12.709762805875258,1.5,95.0,0.04003032627706134,100,0.04,2.0,0.04,0.3,-0.7,0.02,0.01,12.709762805875258,12.519116363787129,12.900409247963385,12.709762805875258
12.080468332018032,1.5,96.0,0.039911897418747004,100,0.04,2.0,0.04,0.3,-0.7,0.02,0.01,12.080468332018032,11.899261307037762,12.261675356998301,12.080468332018032
10.990015951254184,1.5,98.0,0.039996563840622,100,0.04,2.0,0.04,0.3,-0.7,0.02,0.01,10.990015951254184,10.825165711985372,11.154866190522997,10.990015951254184
9.931206988418527,1.5,100.0,0.0399787326790713,100,0.04,2.0,0.04,0.3,-0.7,0.02,0.01,9.931206988418527,9.78223888359225,10.080175093244804,9.931206988418527
8.858207001764834,1.5,102.0,0.03993941080750221,100,0.04,2.0,0.04,0.3,-0.7,0.02,0.01,8.858207001764834,8.725333896738361,8.991080106791305,8.858207001764832
7.886322834530652,1.5,104.0,0.0400335525127216,100,0.04,2.0,0.04,0.3,-0.7,0.02,0.01,7.886322834530652,7.7680279920126925,8.00461767704861,7.8863228345306515
7.046713526875054,1.5,106.0,0.040123988299662225,100,0.04,2.0,0.04,0.3,-0.7,0.02,0.01,7.046713526875054,6.941012823971929,7.152414229778179,7.046713526875054
6.334784542224206,1.5,108.0,0.03979040025685942,100,0.04,2.0,0.04,0.3,-0.7,0.02,0.01,6.334784542224206,6.239762774090843,6.429806310357568,6.334784542224206
5.5338316072208675,1.5,110.00000000000001,0.04018959811762377,100,0.04,2.0,0.04,0.3,-0.7,0.02,0.01,5.5338316072208675,5.450824133112555,5.61683908132918,5.5338316072208675
4.8281286391580345,1.5,112.00000000000001,0.039788177293367005,100,0.04,2.0,0.04,0.3,-0.7,0.02,0.01,4.8281286391580345,4.7557067095706635,4.9005505687454045,4.8281286391580345
4.270731576463944,1.5,113.99999999999999,0.04000551170575234,100,0.04,2.0,0.04,0.3,-0.7,0.02,0.01,4.270731576463944,4.206670602816985,4.334792550110903,4.270731576463944
3.7166283346011904,1.5,115.99999999999999,0.039846722836514005,100,0.04,2.0,0.04,0.3,-0.7,0.02,0.01,3.7166283346011904,3.6608789095821725,3.7723777596202077,3.7166283346011904
3.111494107011996,1.5,118.0,0.04027396506510135,100,0.04,2.0,0.04,0.3,-0.7,0.02,0.01,3.111494107011996,3.0648216954068164,3.158166518617176,3.111494107011996
2.7294748875962584,1.5,120.0,0.04003638742237908,100,0.04,2.0,0.04,0.3,-0.7,0.02,0.01,2.7294748875962584,2.6885327642823147,2.770417010910202,2.7294748875962584
2.3221722176484096,1.5,122.0,0.040232968770695404,100,0.04,2.0,0.04,0.3,-0.7,0.02,0.01,2.3221722176484096,2.2873396343836836,2.3570048009131357,2.3221722176484096
1.9635043668815262,1.5,124.0,0.039929920623045456,100,0.04,2.0,0.04,0.3,-0.7,0.02,0.01,1.9635043668815262,1.9340518013783032,1.992956932384749,1.963504366881526
1.6676592280750597,1.5,126.0,0.03991588210339458,100,0.04,2.0,0.04,0.3,-0.7,0.02,0.01,1.6676592280750597,1.6426443396539339,1.6926741164961854,1.6676592280750597
1.3980859116746729,1.5,128.0,0.03993072628237845,100,0.04,2.0,0.04,0.3,-0.7,0.02,0.01,1.3980859116746729,1.3771146229995528,1.4190572003497928,1.3980859116746727
1.1613083698602382,1.5,130.0,0.0400010815727322,100,0.04,2.0,0.04,0.3,-0.7,0.02,0.01,1.1613083698602382,1.1438887443123347,1.1787279954081418,1.1613083698602382
32.45401202029306,2.0,70.0,0.03967737296838523,100,0.04,2.0,0.04,0.3,-0.7,0.02,0.01,32.45401202029306,31.96720183998866,32.94082220059745,32.45401202029306
28.323020059362307,2.0,75.0,0.04002001627758446,100,0.04,2.0,0.04,0.3,-0.7,0.02,0.01,28.323020059362307,27.89817475847187,28.74786536025274,28.323020059362307
24.186826379504225,2.0,80.0,0.04007133565630112,100,0.04,2.0,0.04,0.3,-0.7,0.02,0.01,24.186826379504225,23.82402398381166,24.549628775196787,24.186826379504225
23.528731093681518,2.0,81.0,0.040081850862143976,100,0.04,2.0,0.04,0.3,-0.7,0.02,0.01,23.528731093681518,23.175800127276297,23.88166206008674,23.528731093681518
22.6733633582384,2.0,82.0,0.03984661555916085,100,0.04,2.0,0.04,0.3,-0.7,0.02,0.01,22.6733633582384,22.333262907864825,23.013463808611974,22.673363358238397
21.208272850043688,2.0,84.0,0.03987138246251133,100,0.04,2.0,0.04,0.3,-0.7,0.02,0.01,21.208272850043688,20.890148757293034,21.526396942794342,21.208272850043688
19.887726322635707,2.0,86.0,0.039996678566369785,100,0.04,2.0,0.04,0.3,-0.7,0.02,0.01,19.887726322635707,19.58941042779617,20.18604221747524,19.887726322635707
18.6580038843998,2.0,88.0,0.039858074846213905,100,0.04,2.0,0.04,0.3,-0.7,0.02,0.01,18.6580038843998,18.3781338261338,18.937873942665796,18.658003884399797
17.86074130142932,2.0,89.0,0.039824819773490554,100,0.04,2.0,0.04,0.3,-0.7,0.02,0.01,17.86074130142932,17.592830181907882,18.12865242095076,17.86074130142932
17.287791470733374,2.0,90.0,0.040018795887736665,100,0.04,2.0,0.04,0.3,-0.7,0.02,0.01,17.287791470733374,17.028474598672375,17.547108342794374,17.287791470733374
15.953464430830415,2.0,92.0,0.040445856672210345,100,0.04,2.0,0.04,0.3,-0.7,0.02,0.01,15.953464430830415,15.71416246436796,16.19276639729287,15.953464430830415
14.790411519495828,2.0,94.0,0.04031722626544124,100,0.04,2.0,0.04,0.3,-0.7,0.02,0.01,14.790411519495828,14.568555346703391,15.012267692288264,14.790411519495827
14.173093540213912,2.0,95.0,0.040063722957422346,100,0.04,2.0,0.04,0.3,-0.7,0.02,0.01,14.173093540213912,13.960497137110703,14.38568994331712,14.173093540213912
13.574155469914574,2.0,96.0,0.04007892208597125,100,0.04,2.0,0.04,0.3,-0.7,0.02,0.01,13.574155469914574,13.370543137865855,13.777767801963291,13.574155469914572
12.573790843914647,2.0,98.0,0.03990100592014555,100,0.04,2.0,0.04,0.3,-0.7,0.02,0.01,12.573790843914647,12.385183981255928,12.762397706573365,12.573790843914647
11.574049804667451,2.0,100.0,0.03969556376203032,100,0.04,2.0,0.04,0.3,-0.7,0.02,0.01,11.574049804667451,11.40043905759744,11.747660551737463,11.574049804667451
10.55013525952573,2.0,102.0,0.04001919908564133,100,0.04,2.0,0.04,0.3,-0.7,0.02,0.01,10.55013525952573,10.391883230632844,10.708387288418615,10.55013525952573
9.524467466085285,2.0,104.0,0.04000963367319124,100,0.04,2.0,0.04,0.3,-0.7,0.02,0.01,9.524467466085285,9.381600454094006,9.667334478076564,9.524467466085284
8.74805210743215,2.0,106.0,0.04000274596962717,100,0.04,2.0,0.04,0.3,-0.7,0.02,0.01,8.74805210743215,8.616831325820668,8.879272889043632,8.74805210743215
7.914095962501381,2.0,108.0,0.04017686420123728,100,0.04,2.0,0.04,0.3,-0.7,0.02,0.01,7.914095962501381,7.795384523063861,8.032807401938902,7.914095962501381
7.0872222621239365,2.0,110.00000000000001,0.040000618152918166,100,0.04,2.0,0.04,0.3,-0.7,0.02,0.01,7.0872222621239365,6.980913928192077,7.193530596055795,7.087222262123936
6.381735261437262,2.0,112.00000000000001,0.04019863346934999,100,0.04,2.0,0.04,0.3,-0.7,0.02,0.01,6.381735261437262,6.286009232515703,6.4774612903588205,6.381735261437262
5.730231435813811,2.0,113.99999999999999,0.0400385810248259,100,0.04,2.0,0.04,0.3,-0.7,0.02,0.01,5.730231435813811,5.644277964276603,5.816184907351017,5.73023143581381
5.119032109390978,2.0,115.99999999999999,0.039814020150923585,100,0.04,2.0,0.04,0.3,-0.7,0.02,0.01,5.119032109390978,5.042246627750113,5.195817591031842,5.119032109390977
4.582326283341094,2.0,118.0,0.03980573203245341,100,0.04,2.0,0.04,0.3,-0.7,0.02,0.01,4.582326283341094,4.513591389090977,4.65106117759121,4.582326283341093
4.062430825340309,2.0,120.0,0.04009335667185328,100,0.04,2.0,0.04,0.3,-0.7,0.02,0.01,4.062430825340309,4.001494362960204,4.123367287720413,4.062430825340309
3.630705788133533,2.0,122.0,0.040007485778224,100,0.04,2.0,0.04,0.3,-0.7,0.02,0.01,3.630705788133533,3.57624520131153,3.6851663749555357,3.6307057881335325
3.14505376558919,2.0,124.0,0.03999131467202764,100,0.04,2.0,0.04,0.3,-0.7,0.02,0.01,3.14505376558919,3.0978779591053525,3.192229572073028,3.14505376558919
2.758429641368835,2.0,126.0,0.040210880024239816,100,0.04,2.0,0.04,0.3,-0.7,0.02,0.01,2.758429641368835,2.7170531967483025,2.7998060859893674,2.758429641368835
2.499596810966937,2.0,128.0,0.03985376285581127,100,0.04,2.0,0.04,0.3,-0.7,0.02,0.01,2.499596810966937,2.462102858802433,2.5370907631314408,2.4995968109669366
2.1176135398830747,2.0,130.0,0.04003944173795054,100,0.04,2.0,0.04,0.3,-0.7,0.02,0.01,2.1176135398830747,2.0858493367848285,2.149377742981321,2.1176135398830747
33.60342784711926,3.0,70.0,0.04007427910800512,100,0.04,2.0,0.04,0.3,-0.7,0.02,0.01,33.60342784711926,33.099376429412466,34.10747926482604,33.60342784711925
29.71764120305444,3.0,75.0,0.039980737740858814,100,0.04,2.0,0.04,0.3,-0.7,0.02,0.01,29.71764120305444,29.271876585008624,30.163405821100255,29.71764120305444
26.08637442620268,3.0,80.0,0.04016712651061876,100,0.04,2.0,0.04,0.3,-0.7,0.02,0.01,26.08637442620268,25.69507880980964,26.47767004259572,26.08637442620268
25.481706922293178,3.0,81.0,0.039974303497026104,100,0.04,2.0,0.04,0.3,-0.7,0.02,0.01,25.481706922293178,25.09948131845878,25.863932526127574,25.481706922293178
24.82472414938273,3.0,82.0,0.039839298339547066,100,0.04,2.0,0.04,0.3,-0.7,0.02,0.01,24.82472414938273,24.45235328714199,25.19709501162347,24.82472414938273
23.435261976719925,3.0,84.0,0.04008261063702524,100,0.04,2.0,0.04,0.3,-0.7,0.02,0.01,23.435261976719925,23.083733047069124,23.786790906370722,23.43526197671992
22.11024522387338,3.0,86.0,0.040116823247722436,100,0.04,2.0,0.04,0.3,-0.7,0.02,0.01,22.11024522387338,21.77859154551528,22.44189890223148,22.110245223873378
20.844313358043255,3.0,88.0,0.039847159798258334,100,0.04,2.0,0.04,0.3,-0.7,0.02,0.01,20.844313358043255,20.531648657672605,21.156978058413902,20.84431335804325
20.242526360729492,3.0,89.0,0.04008763768219886,100,0.04,2.0,0.04,0.3,-0.7,0.02,0.01,20.242526360729492,19.93888846531855,20.546164256140433,20.242526360729492
19.64988544127964,3.0,90.0,0.039966936045851165,100,0.04,2.0,0.04,0.3,-0.7,0.02,0.01,19.64988544127964,19.355137159660444,19.944633722898832,19.649885441279636
18.30822597579036,3.0,92.0,0.04026591579105929,100,0.04,2.0,0.04,0.3,-0.7,0.02,0.01,18.30822597579036,18.033602586153506,18.582849365427215,18.30822597579036
17.17853349454833,3.0,94.0,0.04011654076277644,100,0.04,2.0,0.04,0.3,-0.7,0.02,0.01,17.17853349454833,16.920855492130105,17.436211496966553,17.17853349454833
16.64045496278781,3.0,95.0,0.039953042978465116,100,0.04,2.0,0.04,0.3,-0.7,0.02,0.01,16.64045496278781,16.390848138345994,16.890061787229627,16.64045496278781
16.39278950908241,3.0,96.0,0.04008694814765377,100,0.04,2.0,0.04,0.3,-0.7,0.02,0.01,16.39278950908241,16.146897666446172,16.638681351718642,16.392789509082405
15.145687916310692,3.0,98.0,0.03976928254551305,100,0.04,2.0,0.04,0.3,-0.7,0.02,0.01,15.145687916310692,14.91850259756603,15.372873235055351,15.145687916310692
14.176887605728464,3.0,100.0,0.04004885406451912,100,0.04,2.0,0.04,0.3,-0.7,0.02,0.01,14.176887605728464,13.964234291642537,14.389540919814388,14.176887605728464
13.304883112349534,3.0,102.0,0.039994707468277255,100,0.04,2.0,0.04,0.3,-0.7,0.02,0.01,13.304883112349534,13.10530986566429,13.504456359034776,13.304883112349533
12.182570711570607,3.0,104.0,0.03983403748812834,100,0.04,2.0,0.04,0.3,-0.7,0.02,0.01,12.182570711570607,11.999832150897047,12.365309272244165,12.182570711570605
11.447629193853867,3.0,106.0,0.0398517207883899,100,0.04,2.0,0.04,0.3,-0.7,0.02,0.01,11.447629193853867,11.27591475594606,11.619343631761675,11.447629193853867
10.64423002643259,3.0,108.0,0.04038373088626282,100,0.04,2.0,0.04,0.3,-0.7,0.02,0.01,10.64423002643259,10.484566576036102,10.803893476829078,10.64423002643259
9.840859539257488,3.0,110.00000000000001,0.04005462870577951,100,0.04,2.0,0.04,0.3,-0.7,0.02,0.01,9.840859539257488,9.693246646168626,9.98847243234635,9.840859539257488
9.13302930475384,3.0,112.00000000000001,0.04026487281307449,100,0.04,2.0,0.04,0.3,-0.7,0.02,0.01,9.13302930475384,8.996033865182532,9.270024744325147,9.13302930475384
8.421089272842897,3.0,113.99999999999999,0.03993106750805446,100,0.04,2.0,0.04,0.3,-0.7,0.02,0.01,8.421089272842897,8.294772933750254,8.54740561193554,8.421089272842897
7.832295205851417,3.0,115.99999999999999,0.03978220075304515,100,0.04,2.0,0.04,0.3,-0.7,0.02,0.01,7.832295205851417,7.714810777763645,7.949779633939188,7.832295205851416
7.32345784000832,3.0,118.0,0.04021657096723392,100,0.04,2.0,0.04,0.3,-0.7,0.02,0.01,7.32345784000832,7.213605972408195,7.433309707608444,7.32345784000832
6.685641409039322,3.0,120.0,0.039928851690746905,100,0.04,2.0,0.04,0.3,-0.7,0.02,0.01,6.685641409039322,6.585356787903732,6.785926030174911,6.685641409039322
6.016924334330173,3.0,122.0,0.04008645310186296,100,0.04,2.0,0.04,0.3,-0.7,0.02,0.01,6.016924334330173,5.92667046931522,6.107178199345125,6.016924334330172
5.588369702489136,3.0,124.0,0.0402245869614405,100,0.04,2.0,0.04,0.3,-0.7,0.02,0.01,5.588369702489136,5.504544156951799,5.672195248026473,5.5883697024891354
5.063609935197436,3.0,126.0,0.03989594570239982,100,0.04,2.0,0.04,0.3,-0.7,0.02,0.01,5.063609935197436,4.987655786169475,5.139564084225397,5.0636099351974355
4.548113368945972,3.0,128.0,0.0401147310519032,100,0.04,2.0,0.04,0.3,-0.7,0.02,0.01,4.548113368945972,4.479891668411782,4.6163350694801615,4.548113368945971
4.248442145848127,3.0,130.0,0.03995165363473303,100,0.04,2.0,0.04,0.3,-0.7,0.02,0.01,4.248442145848127,4.1847155136604055,4.312168778035849,4.248442145848127
